{
    "left": 0.6055999999999999,
    "right": 0.5562,
    "up": 0.5181000000000001,
    "bottom": 0.5197,
    "screen_width": 1536,
    "screen_height": 864
}