{
    "left": 0.5997499999999999,
    "right": 0.3985,
    "up": 0.38125,
    "bottom": 0.45299999999999996,
    "screen_width": 1536,
    "screen_height": 864
}