{
    "left": 0.44025000000000003,
    "right": 0.44100000000000006,
    "up": 0.39925,
    "bottom": 0.40625000000000006
}