{
    "left": 0.6194999999999999,
    "right": 0.33599999999999997,
    "up": 0.35450000000000004,
    "bottom": 0.45200000000000007,
    "screen_width": 1920,
    "screen_height": 1080
}